symbol_name,image_url,meaning
Engine Temperature Warning Light,https://carwarninglights.net/wp-content/uploads/nissan-qashqai-engine-coolant-temperature-warning-light.png.webp,
Oil Pressure Warning Light,https://carwarninglights.net/wp-content/uploads/ford-fiesta-engine-oil-pressure-light.png.webp,
Battery Charge Warning Light,https://carwarninglights.net/wp-content/uploads/bmw-5-series-battery-charge-warning-light.png.webp,
Hand Brake Warning Light,https://carwarninglights.net/wp-content/uploads/ford-fiesta-brake-warning-light.png.webp,
Hand Brake Warning Light (Other),https://carwarninglights.net/wp-content/uploads/bmw-5-series-brake-warning-light.jpg.webp,
Electric Parking Brake Warning Light,https://carwarninglights.net/wp-content/uploads/alfa-romeo-giulietta-electric-parking-brake-warning-light.png.webp,
Airbag Malfunction Warning Light,https://carwarninglights.net/wp-content/uploads/alfa-romeo-giulietta-air-bag-warning-light.png.webp,
Seat Belt Not On Warning Light,https://carwarninglights.net/wp-content/uploads/alfa-romeo-giulietta-seat-belt-reminder-warning-light.png.webp,
Transmission Temperature  Warning Light,https://carwarninglights.net/wp-content/uploads/ford-fiesta-transmission-temperature-warning-light.png.webp,
Car Security Warning Light,https://carwarninglights.net/wp-content/uploads/dodge-charger-vehicle-security-warning-light.png.webp,
Electronic Throttle Control Warning Light,https://carwarninglights.net/wp-content/uploads/dodge-charger-electronic-throttle-control-warning-light.png.webp,
Car Ahead Indicator Warning Light,https://carwarninglights.net/wp-content/uploads/chevrolet-silverado-vehicle-ahead-indicator.png.webp,
Lane Keep Assist Warning Light,https://carwarninglights.net/wp-content/uploads/chevrolet-silverado-lane-keep-assist-warning-light.png.webp,
Check Engine Light or Malfunction Indicator Light (MIL),https://carwarninglights.net/wp-content/uploads/alfa-romeo-giulietta-engine-check-malfunction-indicator-warning-light.png.webp,
Check Engine Light or Malfunction Indicator Light (MIL),https://carwarninglights.net/wp-content/uploads/alfa-romeo-giulia-quardlifoglio-engine-functions.jpg.webp,
Diesel Particulate Filter (DPF) Warning Light,https://carwarninglights.net/wp-content/uploads/alfa-romeo-giulietta-particulate-filter-warning-light.jpg.webp,
Glow Plug Warning Light,https://carwarninglights.net/wp-content/uploads/pqxoy8v71r4cqe4h85x-o-300x300.png.webp,
Low Fuel Indicator Symbol,https://carwarninglights.net/wp-content/uploads/alfa-romeo-giulietta-low-fuel-warning-light.png.webp,
ABS Warning Light,https://carwarninglights.net/wp-content/uploads/alfa-romeo-giulietta-abs-warning-light.jpg.webp,
SPORT Mode,https://carwarninglights.net/wp-content/uploads/nissan-qashqai-sport-mode-warning-light.png.webp,
Service 4wd Warning Light,https://carwarninglights.net/wp-content/uploads/nissan-qashqai-service-4wd-warning-light.png.webp,
Electronic Stability Control Active Warning Light,https://carwarninglights.net/wp-content/uploads/nissan-qashqai-electronic-stability-control-active-warning-light.jpg.webp,
Car Triangle with Exclamation Point,https://carwarninglights.net/wp-content/uploads/nissan-qashqai-master-warning-light.jpg.webp,
Door Open Warning Light,https://carwarninglights.net/wp-content/uploads/alfa-romeo-giulietta-door-open-warning-light.png.webp,
Swing Gate Reminder Warning Light,https://carwarninglights.net/wp-content/uploads/alfa-romeo-giulietta-swing-gate-reminder-warning-light.png.webp,
Hood Open Warning Light,https://carwarninglights.net/wp-content/uploads/alfa-romeo-giulietta-hood-open-warning-light.jpg.webp,
Service Electric Parking Warning Light,https://carwarninglights.net/wp-content/uploads/alfa-romeo-giulietta-service-electric-parking.jpg.webp,
All Wheel Drive Warning Light,https://carwarninglights.net/wp-content/uploads/nissan-qashqai-awd.png.webp,
Steering Wheel Warning Light,https://carwarninglights.net/wp-content/uploads/nissan-qashqai-steering-system-warning-light.jpg.webp,
Water in Fuel Filter Warning Light,https://carwarninglights.net/wp-content/uploads/nissan-qashqai-water-in-fuel-filter-warning-light.png.webp,
Loose Fuel Filler Cap Warning Light,https://carwarninglights.net/wp-content/uploads/dodge-ram-truck-loose-fuel-filler-cap-warning-light.png.webp,
Low washer fluid warning light,https://carwarninglights.net/wp-content/uploads/dodge-charger-low-washer-fluid-warning-light.png.webp,
Service Adaptive Cruise Control Warning Light,https://carwarninglights.net/wp-content/uploads/dodge-charger-service-adaptive-cruise-control-warning-light.png.webp,
Traction Off Light,https://carwarninglights.net/wp-content/uploads/chevrolet-silverado-traction-off-light.png.webp,
Electronic Stability Control Off Warning Light,https://carwarninglights.net/wp-content/uploads/bmw-5-series-electronic-stability-control-off-warning-light.jpg.webp,
Tire Pressure Monitoring System Tpms Warning Light,https://carwarninglights.net/wp-content/uploads/bmw-5-series-tire-pressure-monitoring-systemtpms-warning-light-.jpg.webp,
Lane Departure  Warning Light,https://carwarninglights.net/wp-content/uploads/bmw-5-series-lane-departure-warning-light.png.webp,
Smart Entry System Indicator Light,https://carwarninglights.net/wp-content/uploads/mitsubishi-outlander-sports-smart-entry-system-indicator-light.png.webp,
Lane Depature Warning Light,https://carwarninglights.net/wp-content/uploads/alfa-romeo-giulia-lane-depature-warning.jpg.webp,
Suspension Control Warning Light,https://carwarninglights.net/wp-content/uploads/alfa-romeo-giulia-suspension-control.jpg.webp,
Automatic Gearbox Warning Light,https://carwarninglights.net/wp-content/uploads/alfa-romeo-giulia-gearbox-clutch.jpg.webp,
Collision Mitigating Braking System Warning Light,https://carwarninglights.net/wp-content/uploads/alfa-romeo-stelvio-quadrifoglio-collision-mitigating-braking-system-warning-light.png.webp,
Blind Spot İndicator Light,https://carwarninglights.net/wp-content/uploads/toyota-tundra-blind-spot-indicator-light.png.webp,
Pre sense warning light,https://carwarninglights.net/wp-content/uploads/audi-q5-audi-pre-sense.jpg.webp,
Hill Descent Control Warning Light,https://carwarninglights.net/wp-content/uploads/audi-e-tron-hill-descent-warning-light.png.webp,
Turn Signal Indicator Light,https://carwarninglights.net/wp-content/uploads/alfa-romeo-giulietta-turn-signal-indicator-light.jpg.webp,
Service Stop Start System Warning Light,https://carwarninglights.net/wp-content/uploads/alfa-romeo-giulietta-service-stop-start-system-warning-light.jpg.webp,
Cruise Control Indicator Light,https://carwarninglights.net/wp-content/uploads/alfa-romeo-giulietta-cruise-control-indicator-light.jpg.webp,
Headlight On Indicator Light,https://carwarninglights.net/wp-content/uploads/alfa-romeo-giulietta-headlight-on-indicator-light.jpg.webp,
Dipped Head Lights,https://carwarninglights.net/wp-content/uploads/alfa-romeo-giulietta-dipped-head-lights.jpg.webp,
High Beam Indicator Light Warning Light,https://carwarninglights.net/wp-content/uploads/nissan-qashqai-high-beam-indicator-light-warning-light.jpg.webp,
Fuel Filter Warning Light,https://carwarninglights.net/wp-content/uploads/indir-1.png.webp,
Lexus Warning Lights and Meanings | Lexus Dashboard Symbols,,"April 21, 2022"
Mazda CX 5 Warning Lights | Mazda CX 5 Dashboard Lights,,"March 15, 2023"
Honda Accord Dashboard Lights – Honda Warning Lights,,"September 1, 2023"
Jaguar Warning Lights Images Icons and Meanings (Full List),,
Bmw Warning Lights | 50+ Bmw Dashboard Symbols and Meanings,,
50+ Audi Dashboard Symbols and Meanings | Audi Warning Lights,,
Engine Temperature Warning Light,https://carwarninglights.net/wp-content/uploads/nissan-qashqai-engine-coolant-temperature-warning-light.png.webp,
Oil Pressure Warning Light,https://carwarninglights.net/wp-content/uploads/ford-fiesta-engine-oil-pressure-light.png.webp,
Battery Charge Warning Light,https://carwarninglights.net/wp-content/uploads/bmw-5-series-battery-charge-warning-light.png.webp,
Hand Brake Warning Light,https://carwarninglights.net/wp-content/uploads/ford-fiesta-brake-warning-light.png.webp,
Hand Brake Warning Light (Other),https://carwarninglights.net/wp-content/uploads/bmw-5-series-brake-warning-light.jpg.webp,
Electric Parking Brake Warning Light,https://carwarninglights.net/wp-content/uploads/alfa-romeo-giulietta-electric-parking-brake-warning-light.png.webp,
Airbag Malfunction Warning Light,https://carwarninglights.net/wp-content/uploads/alfa-romeo-giulietta-air-bag-warning-light.png.webp,
Seat Belt Not On Warning Light,https://carwarninglights.net/wp-content/uploads/alfa-romeo-giulietta-seat-belt-reminder-warning-light.png.webp,
Transmission Temperature  Warning Light,https://carwarninglights.net/wp-content/uploads/ford-fiesta-transmission-temperature-warning-light.png.webp,
Car Security Warning Light,https://carwarninglights.net/wp-content/uploads/dodge-charger-vehicle-security-warning-light.png.webp,
Electronic Throttle Control Warning Light,https://carwarninglights.net/wp-content/uploads/dodge-charger-electronic-throttle-control-warning-light.png.webp,
Car Ahead Indicator Warning Light,https://carwarninglights.net/wp-content/uploads/chevrolet-silverado-vehicle-ahead-indicator.png.webp,
Lane Keep Assist Warning Light,https://carwarninglights.net/wp-content/uploads/chevrolet-silverado-lane-keep-assist-warning-light.png.webp,
Check Engine Light or Malfunction Indicator Light (MIL),https://carwarninglights.net/wp-content/uploads/alfa-romeo-giulietta-engine-check-malfunction-indicator-warning-light.png.webp,
Check Engine Light or Malfunction Indicator Light (MIL),https://carwarninglights.net/wp-content/uploads/alfa-romeo-giulia-quardlifoglio-engine-functions.jpg.webp,
Diesel Particulate Filter (DPF) Warning Light,https://carwarninglights.net/wp-content/uploads/alfa-romeo-giulietta-particulate-filter-warning-light.jpg.webp,
Glow Plug Warning Light,https://carwarninglights.net/wp-content/uploads/pqxoy8v71r4cqe4h85x-o-300x300.png.webp,
Low Fuel Indicator Symbol,https://carwarninglights.net/wp-content/uploads/alfa-romeo-giulietta-low-fuel-warning-light.png.webp,
ABS Warning Light,https://carwarninglights.net/wp-content/uploads/alfa-romeo-giulietta-abs-warning-light.jpg.webp,
SPORT Mode,https://carwarninglights.net/wp-content/uploads/nissan-qashqai-sport-mode-warning-light.png.webp,
Service 4wd Warning Light,https://carwarninglights.net/wp-content/uploads/nissan-qashqai-service-4wd-warning-light.png.webp,
Electronic Stability Control Active Warning Light,https://carwarninglights.net/wp-content/uploads/nissan-qashqai-electronic-stability-control-active-warning-light.jpg.webp,
Car Triangle with Exclamation Point,https://carwarninglights.net/wp-content/uploads/nissan-qashqai-master-warning-light.jpg.webp,
Door Open Warning Light,https://carwarninglights.net/wp-content/uploads/alfa-romeo-giulietta-door-open-warning-light.png.webp,
Swing Gate Reminder Warning Light,https://carwarninglights.net/wp-content/uploads/alfa-romeo-giulietta-swing-gate-reminder-warning-light.png.webp,
Hood Open Warning Light,https://carwarninglights.net/wp-content/uploads/alfa-romeo-giulietta-hood-open-warning-light.jpg.webp,
Service Electric Parking Warning Light,https://carwarninglights.net/wp-content/uploads/alfa-romeo-giulietta-service-electric-parking.jpg.webp,
All Wheel Drive Warning Light,https://carwarninglights.net/wp-content/uploads/nissan-qashqai-awd.png.webp,
Steering Wheel Warning Light,https://carwarninglights.net/wp-content/uploads/nissan-qashqai-steering-system-warning-light.jpg.webp,
Water in Fuel Filter Warning Light,https://carwarninglights.net/wp-content/uploads/nissan-qashqai-water-in-fuel-filter-warning-light.png.webp,
Loose Fuel Filler Cap Warning Light,https://carwarninglights.net/wp-content/uploads/dodge-ram-truck-loose-fuel-filler-cap-warning-light.png.webp,
Low washer fluid warning light,https://carwarninglights.net/wp-content/uploads/dodge-charger-low-washer-fluid-warning-light.png.webp,
Service Adaptive Cruise Control Warning Light,https://carwarninglights.net/wp-content/uploads/dodge-charger-service-adaptive-cruise-control-warning-light.png.webp,
Traction Off Light,https://carwarninglights.net/wp-content/uploads/chevrolet-silverado-traction-off-light.png.webp,
Electronic Stability Control Off Warning Light,https://carwarninglights.net/wp-content/uploads/bmw-5-series-electronic-stability-control-off-warning-light.jpg.webp,
Tire Pressure Monitoring System Tpms Warning Light,https://carwarninglights.net/wp-content/uploads/bmw-5-series-tire-pressure-monitoring-systemtpms-warning-light-.jpg.webp,
Lane Departure  Warning Light,https://carwarninglights.net/wp-content/uploads/bmw-5-series-lane-departure-warning-light.png.webp,
Smart Entry System Indicator Light,https://carwarninglights.net/wp-content/uploads/mitsubishi-outlander-sports-smart-entry-system-indicator-light.png.webp,
Lane Depature Warning Light,https://carwarninglights.net/wp-content/uploads/alfa-romeo-giulia-lane-depature-warning.jpg.webp,
Suspension Control Warning Light,https://carwarninglights.net/wp-content/uploads/alfa-romeo-giulia-suspension-control.jpg.webp,
Automatic Gearbox Warning Light,https://carwarninglights.net/wp-content/uploads/alfa-romeo-giulia-gearbox-clutch.jpg.webp,
Collision Mitigating Braking System Warning Light,https://carwarninglights.net/wp-content/uploads/alfa-romeo-stelvio-quadrifoglio-collision-mitigating-braking-system-warning-light.png.webp,
Blind Spot İndicator Light,https://carwarninglights.net/wp-content/uploads/toyota-tundra-blind-spot-indicator-light.png.webp,
Pre sense warning light,https://carwarninglights.net/wp-content/uploads/audi-q5-audi-pre-sense.jpg.webp,
Hill Descent Control Warning Light,https://carwarninglights.net/wp-content/uploads/audi-e-tron-hill-descent-warning-light.png.webp,
Turn Signal Indicator Light,https://carwarninglights.net/wp-content/uploads/alfa-romeo-giulietta-turn-signal-indicator-light.jpg.webp,
Service Stop Start System Warning Light,https://carwarninglights.net/wp-content/uploads/alfa-romeo-giulietta-service-stop-start-system-warning-light.jpg.webp,
Cruise Control Indicator Light,https://carwarninglights.net/wp-content/uploads/alfa-romeo-giulietta-cruise-control-indicator-light.jpg.webp,
Headlight On Indicator Light,https://carwarninglights.net/wp-content/uploads/alfa-romeo-giulietta-headlight-on-indicator-light.jpg.webp,
Dipped Head Lights,https://carwarninglights.net/wp-content/uploads/alfa-romeo-giulietta-dipped-head-lights.jpg.webp,
High Beam Indicator Light Warning Light,https://carwarninglights.net/wp-content/uploads/nissan-qashqai-high-beam-indicator-light-warning-light.jpg.webp,
Fuel Filter Warning Light,https://carwarninglights.net/wp-content/uploads/indir-1.png.webp,
What Does the Engine Temperature Warning Light Mean?,,"September 8, 2018"
What Does Tyre Pressure Monitoring Warning Light Mean?,,"September 28, 2018"
Tesla Dashboard Warning Lights (Model Y-Model X-Model 3-Model S),,"December 21, 2022"
Jaguar Warning Lights Images Icons and Meanings (Full List),,
Bmw Warning Lights | 50+ Bmw Dashboard Symbols and Meanings,,
50+ Audi Dashboard Symbols and Meanings | Audi Warning Lights,,
Engine Temperature Warning Light,https://carwarninglights.net/wp-content/uploads/nissan-qashqai-engine-coolant-temperature-warning-light.png.webp,
Oil Pressure Warning Light,https://carwarninglights.net/wp-content/uploads/ford-fiesta-engine-oil-pressure-light.png.webp,
Battery Charge Warning Light,https://carwarninglights.net/wp-content/uploads/bmw-5-series-battery-charge-warning-light.png.webp,
Hand Brake Warning Light,https://carwarninglights.net/wp-content/uploads/ford-fiesta-brake-warning-light.png.webp,
Hand Brake Warning Light (Other),https://carwarninglights.net/wp-content/uploads/bmw-5-series-brake-warning-light.jpg.webp,
Electric Parking Brake Warning Light,https://carwarninglights.net/wp-content/uploads/alfa-romeo-giulietta-electric-parking-brake-warning-light.png.webp,
Airbag Malfunction Warning Light,https://carwarninglights.net/wp-content/uploads/alfa-romeo-giulietta-air-bag-warning-light.png.webp,
Seat Belt Not On Warning Light,https://carwarninglights.net/wp-content/uploads/alfa-romeo-giulietta-seat-belt-reminder-warning-light.png.webp,
Transmission Temperature  Warning Light,https://carwarninglights.net/wp-content/uploads/ford-fiesta-transmission-temperature-warning-light.png.webp,
Car Security Warning Light,https://carwarninglights.net/wp-content/uploads/dodge-charger-vehicle-security-warning-light.png.webp,
Electronic Throttle Control Warning Light,https://carwarninglights.net/wp-content/uploads/dodge-charger-electronic-throttle-control-warning-light.png.webp,
Car Ahead Indicator Warning Light,https://carwarninglights.net/wp-content/uploads/chevrolet-silverado-vehicle-ahead-indicator.png.webp,
Lane Keep Assist Warning Light,https://carwarninglights.net/wp-content/uploads/chevrolet-silverado-lane-keep-assist-warning-light.png.webp,
Check Engine Light or Malfunction Indicator Light (MIL),https://carwarninglights.net/wp-content/uploads/alfa-romeo-giulietta-engine-check-malfunction-indicator-warning-light.png.webp,
Check Engine Light or Malfunction Indicator Light (MIL),https://carwarninglights.net/wp-content/uploads/alfa-romeo-giulia-quardlifoglio-engine-functions.jpg.webp,
Diesel Particulate Filter (DPF) Warning Light,https://carwarninglights.net/wp-content/uploads/alfa-romeo-giulietta-particulate-filter-warning-light.jpg.webp,
Glow Plug Warning Light,https://carwarninglights.net/wp-content/uploads/pqxoy8v71r4cqe4h85x-o-300x300.png.webp,
Low Fuel Indicator Symbol,https://carwarninglights.net/wp-content/uploads/alfa-romeo-giulietta-low-fuel-warning-light.png.webp,
ABS Warning Light,https://carwarninglights.net/wp-content/uploads/alfa-romeo-giulietta-abs-warning-light.jpg.webp,
SPORT Mode,https://carwarninglights.net/wp-content/uploads/nissan-qashqai-sport-mode-warning-light.png.webp,
Service 4wd Warning Light,https://carwarninglights.net/wp-content/uploads/nissan-qashqai-service-4wd-warning-light.png.webp,
Electronic Stability Control Active Warning Light,https://carwarninglights.net/wp-content/uploads/nissan-qashqai-electronic-stability-control-active-warning-light.jpg.webp,
Car Triangle with Exclamation Point,https://carwarninglights.net/wp-content/uploads/nissan-qashqai-master-warning-light.jpg.webp,
Door Open Warning Light,https://carwarninglights.net/wp-content/uploads/alfa-romeo-giulietta-door-open-warning-light.png.webp,
Swing Gate Reminder Warning Light,https://carwarninglights.net/wp-content/uploads/alfa-romeo-giulietta-swing-gate-reminder-warning-light.png.webp,
Hood Open Warning Light,https://carwarninglights.net/wp-content/uploads/alfa-romeo-giulietta-hood-open-warning-light.jpg.webp,
Service Electric Parking Warning Light,https://carwarninglights.net/wp-content/uploads/alfa-romeo-giulietta-service-electric-parking.jpg.webp,
All Wheel Drive Warning Light,https://carwarninglights.net/wp-content/uploads/nissan-qashqai-awd.png.webp,
Steering Wheel Warning Light,https://carwarninglights.net/wp-content/uploads/nissan-qashqai-steering-system-warning-light.jpg.webp,
Water in Fuel Filter Warning Light,https://carwarninglights.net/wp-content/uploads/nissan-qashqai-water-in-fuel-filter-warning-light.png.webp,
Loose Fuel Filler Cap Warning Light,https://carwarninglights.net/wp-content/uploads/dodge-ram-truck-loose-fuel-filler-cap-warning-light.png.webp,
Low washer fluid warning light,https://carwarninglights.net/wp-content/uploads/dodge-charger-low-washer-fluid-warning-light.png.webp,
Service Adaptive Cruise Control Warning Light,https://carwarninglights.net/wp-content/uploads/dodge-charger-service-adaptive-cruise-control-warning-light.png.webp,
Traction Off Light,https://carwarninglights.net/wp-content/uploads/chevrolet-silverado-traction-off-light.png.webp,
Electronic Stability Control Off Warning Light,https://carwarninglights.net/wp-content/uploads/bmw-5-series-electronic-stability-control-off-warning-light.jpg.webp,
Tire Pressure Monitoring System Tpms Warning Light,https://carwarninglights.net/wp-content/uploads/bmw-5-series-tire-pressure-monitoring-systemtpms-warning-light-.jpg.webp,
Lane Departure  Warning Light,https://carwarninglights.net/wp-content/uploads/bmw-5-series-lane-departure-warning-light.png.webp,
Smart Entry System Indicator Light,https://carwarninglights.net/wp-content/uploads/mitsubishi-outlander-sports-smart-entry-system-indicator-light.png.webp,
Lane Depature Warning Light,https://carwarninglights.net/wp-content/uploads/alfa-romeo-giulia-lane-depature-warning.jpg.webp,
Suspension Control Warning Light,https://carwarninglights.net/wp-content/uploads/alfa-romeo-giulia-suspension-control.jpg.webp,
Automatic Gearbox Warning Light,https://carwarninglights.net/wp-content/uploads/alfa-romeo-giulia-gearbox-clutch.jpg.webp,
Collision Mitigating Braking System Warning Light,https://carwarninglights.net/wp-content/uploads/alfa-romeo-stelvio-quadrifoglio-collision-mitigating-braking-system-warning-light.png.webp,
Blind Spot İndicator Light,https://carwarninglights.net/wp-content/uploads/toyota-tundra-blind-spot-indicator-light.png.webp,
Pre sense warning light,https://carwarninglights.net/wp-content/uploads/audi-q5-audi-pre-sense.jpg.webp,
Hill Descent Control Warning Light,https://carwarninglights.net/wp-content/uploads/audi-e-tron-hill-descent-warning-light.png.webp,
Turn Signal Indicator Light,https://carwarninglights.net/wp-content/uploads/alfa-romeo-giulietta-turn-signal-indicator-light.jpg.webp,
Service Stop Start System Warning Light,https://carwarninglights.net/wp-content/uploads/alfa-romeo-giulietta-service-stop-start-system-warning-light.jpg.webp,
Cruise Control Indicator Light,https://carwarninglights.net/wp-content/uploads/alfa-romeo-giulietta-cruise-control-indicator-light.jpg.webp,
Headlight On Indicator Light,https://carwarninglights.net/wp-content/uploads/alfa-romeo-giulietta-headlight-on-indicator-light.jpg.webp,
Dipped Head Lights,https://carwarninglights.net/wp-content/uploads/alfa-romeo-giulietta-dipped-head-lights.jpg.webp,
High Beam Indicator Light Warning Light,https://carwarninglights.net/wp-content/uploads/nissan-qashqai-high-beam-indicator-light-warning-light.jpg.webp,
Fuel Filter Warning Light,https://carwarninglights.net/wp-content/uploads/indir-1.png.webp,
Subaru Forester Warning Lights and Dashboard Symbols Meanings,,"June 25, 2023"
Jeep Dashboard Symbols and Meanings | Jeep Warning Lights,,"April 21, 2022"
Mazda 6 Dashboard Symbols – Mazda 6 Warning Lights,,"September 11, 2023"
Jaguar Warning Lights Images Icons and Meanings (Full List),,
Bmw Warning Lights | 50+ Bmw Dashboard Symbols and Meanings,,
50+ Audi Dashboard Symbols and Meanings | Audi Warning Lights,,
Engine Temperature Warning Light,https://carwarninglights.net/wp-content/uploads/nissan-qashqai-engine-coolant-temperature-warning-light.png.webp,
Oil Pressure Warning Light,https://carwarninglights.net/wp-content/uploads/ford-fiesta-engine-oil-pressure-light.png.webp,
Battery Charge Warning Light,https://carwarninglights.net/wp-content/uploads/bmw-5-series-battery-charge-warning-light.png.webp,
Hand Brake Warning Light,https://carwarninglights.net/wp-content/uploads/ford-fiesta-brake-warning-light.png.webp,
Hand Brake Warning Light (Other),https://carwarninglights.net/wp-content/uploads/bmw-5-series-brake-warning-light.jpg.webp,
Electric Parking Brake Warning Light,https://carwarninglights.net/wp-content/uploads/alfa-romeo-giulietta-electric-parking-brake-warning-light.png.webp,
Airbag Malfunction Warning Light,https://carwarninglights.net/wp-content/uploads/alfa-romeo-giulietta-air-bag-warning-light.png.webp,
Seat Belt Not On Warning Light,https://carwarninglights.net/wp-content/uploads/alfa-romeo-giulietta-seat-belt-reminder-warning-light.png.webp,
Transmission Temperature  Warning Light,https://carwarninglights.net/wp-content/uploads/ford-fiesta-transmission-temperature-warning-light.png.webp,
Car Security Warning Light,https://carwarninglights.net/wp-content/uploads/dodge-charger-vehicle-security-warning-light.png.webp,
Electronic Throttle Control Warning Light,https://carwarninglights.net/wp-content/uploads/dodge-charger-electronic-throttle-control-warning-light.png.webp,
Car Ahead Indicator Warning Light,https://carwarninglights.net/wp-content/uploads/chevrolet-silverado-vehicle-ahead-indicator.png.webp,
Lane Keep Assist Warning Light,https://carwarninglights.net/wp-content/uploads/chevrolet-silverado-lane-keep-assist-warning-light.png.webp,
Check Engine Light or Malfunction Indicator Light (MIL),https://carwarninglights.net/wp-content/uploads/alfa-romeo-giulietta-engine-check-malfunction-indicator-warning-light.png.webp,
Check Engine Light or Malfunction Indicator Light (MIL),https://carwarninglights.net/wp-content/uploads/alfa-romeo-giulia-quardlifoglio-engine-functions.jpg.webp,
Diesel Particulate Filter (DPF) Warning Light,https://carwarninglights.net/wp-content/uploads/alfa-romeo-giulietta-particulate-filter-warning-light.jpg.webp,
Glow Plug Warning Light,https://carwarninglights.net/wp-content/uploads/pqxoy8v71r4cqe4h85x-o-300x300.png.webp,
Low Fuel Indicator Symbol,https://carwarninglights.net/wp-content/uploads/alfa-romeo-giulietta-low-fuel-warning-light.png.webp,
ABS Warning Light,https://carwarninglights.net/wp-content/uploads/alfa-romeo-giulietta-abs-warning-light.jpg.webp,
SPORT Mode,https://carwarninglights.net/wp-content/uploads/nissan-qashqai-sport-mode-warning-light.png.webp,
Service 4wd Warning Light,https://carwarninglights.net/wp-content/uploads/nissan-qashqai-service-4wd-warning-light.png.webp,
Electronic Stability Control Active Warning Light,https://carwarninglights.net/wp-content/uploads/nissan-qashqai-electronic-stability-control-active-warning-light.jpg.webp,
Car Triangle with Exclamation Point,https://carwarninglights.net/wp-content/uploads/nissan-qashqai-master-warning-light.jpg.webp,
Door Open Warning Light,https://carwarninglights.net/wp-content/uploads/alfa-romeo-giulietta-door-open-warning-light.png.webp,
Swing Gate Reminder Warning Light,https://carwarninglights.net/wp-content/uploads/alfa-romeo-giulietta-swing-gate-reminder-warning-light.png.webp,
Hood Open Warning Light,https://carwarninglights.net/wp-content/uploads/alfa-romeo-giulietta-hood-open-warning-light.jpg.webp,
Service Electric Parking Warning Light,https://carwarninglights.net/wp-content/uploads/alfa-romeo-giulietta-service-electric-parking.jpg.webp,
All Wheel Drive Warning Light,https://carwarninglights.net/wp-content/uploads/nissan-qashqai-awd.png.webp,
Steering Wheel Warning Light,https://carwarninglights.net/wp-content/uploads/nissan-qashqai-steering-system-warning-light.jpg.webp,
Water in Fuel Filter Warning Light,https://carwarninglights.net/wp-content/uploads/nissan-qashqai-water-in-fuel-filter-warning-light.png.webp,
Loose Fuel Filler Cap Warning Light,https://carwarninglights.net/wp-content/uploads/dodge-ram-truck-loose-fuel-filler-cap-warning-light.png.webp,
Low washer fluid warning light,https://carwarninglights.net/wp-content/uploads/dodge-charger-low-washer-fluid-warning-light.png.webp,
Service Adaptive Cruise Control Warning Light,https://carwarninglights.net/wp-content/uploads/dodge-charger-service-adaptive-cruise-control-warning-light.png.webp,
Traction Off Light,https://carwarninglights.net/wp-content/uploads/chevrolet-silverado-traction-off-light.png.webp,
Electronic Stability Control Off Warning Light,https://carwarninglights.net/wp-content/uploads/bmw-5-series-electronic-stability-control-off-warning-light.jpg.webp,
Tire Pressure Monitoring System Tpms Warning Light,https://carwarninglights.net/wp-content/uploads/bmw-5-series-tire-pressure-monitoring-systemtpms-warning-light-.jpg.webp,
Lane Departure  Warning Light,https://carwarninglights.net/wp-content/uploads/bmw-5-series-lane-departure-warning-light.png.webp,
Smart Entry System Indicator Light,https://carwarninglights.net/wp-content/uploads/mitsubishi-outlander-sports-smart-entry-system-indicator-light.png.webp,
Lane Depature Warning Light,https://carwarninglights.net/wp-content/uploads/alfa-romeo-giulia-lane-depature-warning.jpg.webp,
Suspension Control Warning Light,https://carwarninglights.net/wp-content/uploads/alfa-romeo-giulia-suspension-control.jpg.webp,
Automatic Gearbox Warning Light,https://carwarninglights.net/wp-content/uploads/alfa-romeo-giulia-gearbox-clutch.jpg.webp,
Collision Mitigating Braking System Warning Light,https://carwarninglights.net/wp-content/uploads/alfa-romeo-stelvio-quadrifoglio-collision-mitigating-braking-system-warning-light.png.webp,
Blind Spot İndicator Light,https://carwarninglights.net/wp-content/uploads/toyota-tundra-blind-spot-indicator-light.png.webp,
Pre sense warning light,https://carwarninglights.net/wp-content/uploads/audi-q5-audi-pre-sense.jpg.webp,
Hill Descent Control Warning Light,https://carwarninglights.net/wp-content/uploads/audi-e-tron-hill-descent-warning-light.png.webp,
Turn Signal Indicator Light,https://carwarninglights.net/wp-content/uploads/alfa-romeo-giulietta-turn-signal-indicator-light.jpg.webp,
Service Stop Start System Warning Light,https://carwarninglights.net/wp-content/uploads/alfa-romeo-giulietta-service-stop-start-system-warning-light.jpg.webp,
Cruise Control Indicator Light,https://carwarninglights.net/wp-content/uploads/alfa-romeo-giulietta-cruise-control-indicator-light.jpg.webp,
Headlight On Indicator Light,https://carwarninglights.net/wp-content/uploads/alfa-romeo-giulietta-headlight-on-indicator-light.jpg.webp,
Dipped Head Lights,https://carwarninglights.net/wp-content/uploads/alfa-romeo-giulietta-dipped-head-lights.jpg.webp,
High Beam Indicator Light Warning Light,https://carwarninglights.net/wp-content/uploads/nissan-qashqai-high-beam-indicator-light-warning-light.jpg.webp,
Fuel Filter Warning Light,https://carwarninglights.net/wp-content/uploads/indir-1.png.webp,
Audi A1 Warning Lights – Audi A1 Dashboard Symbols,,"July 22, 2023"
Fiat Warning Lights – Fiat Dashboard Symbols and Meanings,,"March 4, 2024"
Vauxhall Antara Warning Lights and Meanings (Full List),,"March 9, 2024"
Jaguar Warning Lights Images Icons and Meanings (Full List),,
Bmw Warning Lights | 50+ Bmw Dashboard Symbols and Meanings,,
50+ Audi Dashboard Symbols and Meanings | Audi Warning Lights,,
Engine Temperature Warning Light,https://carwarninglights.net/wp-content/uploads/nissan-qashqai-engine-coolant-temperature-warning-light.png.webp,
Oil Pressure Warning Light,https://carwarninglights.net/wp-content/uploads/ford-fiesta-engine-oil-pressure-light.png.webp,
Battery Charge Warning Light,https://carwarninglights.net/wp-content/uploads/bmw-5-series-battery-charge-warning-light.png.webp,
Hand Brake Warning Light,https://carwarninglights.net/wp-content/uploads/ford-fiesta-brake-warning-light.png.webp,
Hand Brake Warning Light (Other),https://carwarninglights.net/wp-content/uploads/bmw-5-series-brake-warning-light.jpg.webp,
Electric Parking Brake Warning Light,https://carwarninglights.net/wp-content/uploads/alfa-romeo-giulietta-electric-parking-brake-warning-light.png.webp,
Airbag Malfunction Warning Light,https://carwarninglights.net/wp-content/uploads/alfa-romeo-giulietta-air-bag-warning-light.png.webp,
Seat Belt Not On Warning Light,https://carwarninglights.net/wp-content/uploads/alfa-romeo-giulietta-seat-belt-reminder-warning-light.png.webp,
Transmission Temperature  Warning Light,https://carwarninglights.net/wp-content/uploads/ford-fiesta-transmission-temperature-warning-light.png.webp,
Car Security Warning Light,https://carwarninglights.net/wp-content/uploads/dodge-charger-vehicle-security-warning-light.png.webp,
Electronic Throttle Control Warning Light,https://carwarninglights.net/wp-content/uploads/dodge-charger-electronic-throttle-control-warning-light.png.webp,
Car Ahead Indicator Warning Light,https://carwarninglights.net/wp-content/uploads/chevrolet-silverado-vehicle-ahead-indicator.png.webp,
Lane Keep Assist Warning Light,https://carwarninglights.net/wp-content/uploads/chevrolet-silverado-lane-keep-assist-warning-light.png.webp,
Check Engine Light or Malfunction Indicator Light (MIL),https://carwarninglights.net/wp-content/uploads/alfa-romeo-giulietta-engine-check-malfunction-indicator-warning-light.png.webp,
Check Engine Light or Malfunction Indicator Light (MIL),https://carwarninglights.net/wp-content/uploads/alfa-romeo-giulia-quardlifoglio-engine-functions.jpg.webp,
Diesel Particulate Filter (DPF) Warning Light,https://carwarninglights.net/wp-content/uploads/alfa-romeo-giulietta-particulate-filter-warning-light.jpg.webp,
Glow Plug Warning Light,https://carwarninglights.net/wp-content/uploads/pqxoy8v71r4cqe4h85x-o-300x300.png.webp,
Low Fuel Indicator Symbol,https://carwarninglights.net/wp-content/uploads/alfa-romeo-giulietta-low-fuel-warning-light.png.webp,
ABS Warning Light,https://carwarninglights.net/wp-content/uploads/alfa-romeo-giulietta-abs-warning-light.jpg.webp,
SPORT Mode,https://carwarninglights.net/wp-content/uploads/nissan-qashqai-sport-mode-warning-light.png.webp,
Service 4wd Warning Light,https://carwarninglights.net/wp-content/uploads/nissan-qashqai-service-4wd-warning-light.png.webp,
Electronic Stability Control Active Warning Light,https://carwarninglights.net/wp-content/uploads/nissan-qashqai-electronic-stability-control-active-warning-light.jpg.webp,
Car Triangle with Exclamation Point,https://carwarninglights.net/wp-content/uploads/nissan-qashqai-master-warning-light.jpg.webp,
Door Open Warning Light,https://carwarninglights.net/wp-content/uploads/alfa-romeo-giulietta-door-open-warning-light.png.webp,
Swing Gate Reminder Warning Light,https://carwarninglights.net/wp-content/uploads/alfa-romeo-giulietta-swing-gate-reminder-warning-light.png.webp,
Hood Open Warning Light,https://carwarninglights.net/wp-content/uploads/alfa-romeo-giulietta-hood-open-warning-light.jpg.webp,
Service Electric Parking Warning Light,https://carwarninglights.net/wp-content/uploads/alfa-romeo-giulietta-service-electric-parking.jpg.webp,
All Wheel Drive Warning Light,https://carwarninglights.net/wp-content/uploads/nissan-qashqai-awd.png.webp,
Steering Wheel Warning Light,https://carwarninglights.net/wp-content/uploads/nissan-qashqai-steering-system-warning-light.jpg.webp,
Water in Fuel Filter Warning Light,https://carwarninglights.net/wp-content/uploads/nissan-qashqai-water-in-fuel-filter-warning-light.png.webp,
Loose Fuel Filler Cap Warning Light,https://carwarninglights.net/wp-content/uploads/dodge-ram-truck-loose-fuel-filler-cap-warning-light.png.webp,
Low washer fluid warning light,https://carwarninglights.net/wp-content/uploads/dodge-charger-low-washer-fluid-warning-light.png.webp,
Service Adaptive Cruise Control Warning Light,https://carwarninglights.net/wp-content/uploads/dodge-charger-service-adaptive-cruise-control-warning-light.png.webp,
Traction Off Light,https://carwarninglights.net/wp-content/uploads/chevrolet-silverado-traction-off-light.png.webp,
Electronic Stability Control Off Warning Light,https://carwarninglights.net/wp-content/uploads/bmw-5-series-electronic-stability-control-off-warning-light.jpg.webp,
Tire Pressure Monitoring System Tpms Warning Light,https://carwarninglights.net/wp-content/uploads/bmw-5-series-tire-pressure-monitoring-systemtpms-warning-light-.jpg.webp,
Lane Departure  Warning Light,https://carwarninglights.net/wp-content/uploads/bmw-5-series-lane-departure-warning-light.png.webp,
Smart Entry System Indicator Light,https://carwarninglights.net/wp-content/uploads/mitsubishi-outlander-sports-smart-entry-system-indicator-light.png.webp,
Lane Depature Warning Light,https://carwarninglights.net/wp-content/uploads/alfa-romeo-giulia-lane-depature-warning.jpg.webp,
Suspension Control Warning Light,https://carwarninglights.net/wp-content/uploads/alfa-romeo-giulia-suspension-control.jpg.webp,
Automatic Gearbox Warning Light,https://carwarninglights.net/wp-content/uploads/alfa-romeo-giulia-gearbox-clutch.jpg.webp,
Collision Mitigating Braking System Warning Light,https://carwarninglights.net/wp-content/uploads/alfa-romeo-stelvio-quadrifoglio-collision-mitigating-braking-system-warning-light.png.webp,
Blind Spot İndicator Light,https://carwarninglights.net/wp-content/uploads/toyota-tundra-blind-spot-indicator-light.png.webp,
Pre sense warning light,https://carwarninglights.net/wp-content/uploads/audi-q5-audi-pre-sense.jpg.webp,
Hill Descent Control Warning Light,https://carwarninglights.net/wp-content/uploads/audi-e-tron-hill-descent-warning-light.png.webp,
Turn Signal Indicator Light,https://carwarninglights.net/wp-content/uploads/alfa-romeo-giulietta-turn-signal-indicator-light.jpg.webp,
Service Stop Start System Warning Light,https://carwarninglights.net/wp-content/uploads/alfa-romeo-giulietta-service-stop-start-system-warning-light.jpg.webp,
Cruise Control Indicator Light,https://carwarninglights.net/wp-content/uploads/alfa-romeo-giulietta-cruise-control-indicator-light.jpg.webp,
Headlight On Indicator Light,https://carwarninglights.net/wp-content/uploads/alfa-romeo-giulietta-headlight-on-indicator-light.jpg.webp,
Dipped Head Lights,https://carwarninglights.net/wp-content/uploads/alfa-romeo-giulietta-dipped-head-lights.jpg.webp,
High Beam Indicator Light Warning Light,https://carwarninglights.net/wp-content/uploads/nissan-qashqai-high-beam-indicator-light-warning-light.jpg.webp,
Fuel Filter Warning Light,https://carwarninglights.net/wp-content/uploads/indir-1.png.webp,
Honda Dashboard Warning Lights Symbols,,"June 15, 2023"
Bmw 1 Series Warning Lights | Bmw 1 Series Dashboard Symbols,,"April 22, 2022"
50+ Dacia Sandero Warning Lights and Meanings (Full List),,"March 15, 2023"
Peugeot Partner Warning Lights – Peugeot Partner Dashboard Symbols,,"June 25, 2023"
Jaguar Warning Lights Images Icons and Meanings (Full List),,
Bmw Warning Lights | 50+ Bmw Dashboard Symbols and Meanings,,
50+ Audi Dashboard Symbols and Meanings | Audi Warning Lights,,
Engine Temperature Warning Light,https://carwarninglights.net/wp-content/uploads/nissan-qashqai-engine-coolant-temperature-warning-light.png.webp,
Oil Pressure Warning Light,https://carwarninglights.net/wp-content/uploads/ford-fiesta-engine-oil-pressure-light.png.webp,
Battery Charge Warning Light,https://carwarninglights.net/wp-content/uploads/bmw-5-series-battery-charge-warning-light.png.webp,
Hand Brake Warning Light,https://carwarninglights.net/wp-content/uploads/ford-fiesta-brake-warning-light.png.webp,
Hand Brake Warning Light (Other),https://carwarninglights.net/wp-content/uploads/bmw-5-series-brake-warning-light.jpg.webp,
Electric Parking Brake Warning Light,https://carwarninglights.net/wp-content/uploads/alfa-romeo-giulietta-electric-parking-brake-warning-light.png.webp,
Airbag Malfunction Warning Light,https://carwarninglights.net/wp-content/uploads/alfa-romeo-giulietta-air-bag-warning-light.png.webp,
Seat Belt Not On Warning Light,https://carwarninglights.net/wp-content/uploads/alfa-romeo-giulietta-seat-belt-reminder-warning-light.png.webp,
Transmission Temperature  Warning Light,https://carwarninglights.net/wp-content/uploads/ford-fiesta-transmission-temperature-warning-light.png.webp,
Car Security Warning Light,https://carwarninglights.net/wp-content/uploads/dodge-charger-vehicle-security-warning-light.png.webp,
Electronic Throttle Control Warning Light,https://carwarninglights.net/wp-content/uploads/dodge-charger-electronic-throttle-control-warning-light.png.webp,
Car Ahead Indicator Warning Light,https://carwarninglights.net/wp-content/uploads/chevrolet-silverado-vehicle-ahead-indicator.png.webp,
Lane Keep Assist Warning Light,https://carwarninglights.net/wp-content/uploads/chevrolet-silverado-lane-keep-assist-warning-light.png.webp,
Check Engine Light or Malfunction Indicator Light (MIL),https://carwarninglights.net/wp-content/uploads/alfa-romeo-giulietta-engine-check-malfunction-indicator-warning-light.png.webp,
Check Engine Light or Malfunction Indicator Light (MIL),https://carwarninglights.net/wp-content/uploads/alfa-romeo-giulia-quardlifoglio-engine-functions.jpg.webp,
Diesel Particulate Filter (DPF) Warning Light,https://carwarninglights.net/wp-content/uploads/alfa-romeo-giulietta-particulate-filter-warning-light.jpg.webp,
Glow Plug Warning Light,https://carwarninglights.net/wp-content/uploads/pqxoy8v71r4cqe4h85x-o-300x300.png.webp,
Low Fuel Indicator Symbol,https://carwarninglights.net/wp-content/uploads/alfa-romeo-giulietta-low-fuel-warning-light.png.webp,
ABS Warning Light,https://carwarninglights.net/wp-content/uploads/alfa-romeo-giulietta-abs-warning-light.jpg.webp,
SPORT Mode,https://carwarninglights.net/wp-content/uploads/nissan-qashqai-sport-mode-warning-light.png.webp,
Service 4wd Warning Light,https://carwarninglights.net/wp-content/uploads/nissan-qashqai-service-4wd-warning-light.png.webp,
Electronic Stability Control Active Warning Light,https://carwarninglights.net/wp-content/uploads/nissan-qashqai-electronic-stability-control-active-warning-light.jpg.webp,
Car Triangle with Exclamation Point,https://carwarninglights.net/wp-content/uploads/nissan-qashqai-master-warning-light.jpg.webp,
Door Open Warning Light,https://carwarninglights.net/wp-content/uploads/alfa-romeo-giulietta-door-open-warning-light.png.webp,
Swing Gate Reminder Warning Light,https://carwarninglights.net/wp-content/uploads/alfa-romeo-giulietta-swing-gate-reminder-warning-light.png.webp,
Hood Open Warning Light,https://carwarninglights.net/wp-content/uploads/alfa-romeo-giulietta-hood-open-warning-light.jpg.webp,
Service Electric Parking Warning Light,https://carwarninglights.net/wp-content/uploads/alfa-romeo-giulietta-service-electric-parking.jpg.webp,
All Wheel Drive Warning Light,https://carwarninglights.net/wp-content/uploads/nissan-qashqai-awd.png.webp,
Steering Wheel Warning Light,https://carwarninglights.net/wp-content/uploads/nissan-qashqai-steering-system-warning-light.jpg.webp,
Water in Fuel Filter Warning Light,https://carwarninglights.net/wp-content/uploads/nissan-qashqai-water-in-fuel-filter-warning-light.png.webp,
Loose Fuel Filler Cap Warning Light,https://carwarninglights.net/wp-content/uploads/dodge-ram-truck-loose-fuel-filler-cap-warning-light.png.webp,
Low washer fluid warning light,https://carwarninglights.net/wp-content/uploads/dodge-charger-low-washer-fluid-warning-light.png.webp,
Service Adaptive Cruise Control Warning Light,https://carwarninglights.net/wp-content/uploads/dodge-charger-service-adaptive-cruise-control-warning-light.png.webp,
Traction Off Light,https://carwarninglights.net/wp-content/uploads/chevrolet-silverado-traction-off-light.png.webp,
Electronic Stability Control Off Warning Light,https://carwarninglights.net/wp-content/uploads/bmw-5-series-electronic-stability-control-off-warning-light.jpg.webp,
Tire Pressure Monitoring System Tpms Warning Light,https://carwarninglights.net/wp-content/uploads/bmw-5-series-tire-pressure-monitoring-systemtpms-warning-light-.jpg.webp,
Lane Departure  Warning Light,https://carwarninglights.net/wp-content/uploads/bmw-5-series-lane-departure-warning-light.png.webp,
Smart Entry System Indicator Light,https://carwarninglights.net/wp-content/uploads/mitsubishi-outlander-sports-smart-entry-system-indicator-light.png.webp,
Lane Depature Warning Light,https://carwarninglights.net/wp-content/uploads/alfa-romeo-giulia-lane-depature-warning.jpg.webp,
Suspension Control Warning Light,https://carwarninglights.net/wp-content/uploads/alfa-romeo-giulia-suspension-control.jpg.webp,
Automatic Gearbox Warning Light,https://carwarninglights.net/wp-content/uploads/alfa-romeo-giulia-gearbox-clutch.jpg.webp,
Collision Mitigating Braking System Warning Light,https://carwarninglights.net/wp-content/uploads/alfa-romeo-stelvio-quadrifoglio-collision-mitigating-braking-system-warning-light.png.webp,
Blind Spot İndicator Light,https://carwarninglights.net/wp-content/uploads/toyota-tundra-blind-spot-indicator-light.png.webp,
Pre sense warning light,https://carwarninglights.net/wp-content/uploads/audi-q5-audi-pre-sense.jpg.webp,
Hill Descent Control Warning Light,https://carwarninglights.net/wp-content/uploads/audi-e-tron-hill-descent-warning-light.png.webp,
Turn Signal Indicator Light,https://carwarninglights.net/wp-content/uploads/alfa-romeo-giulietta-turn-signal-indicator-light.jpg.webp,
Service Stop Start System Warning Light,https://carwarninglights.net/wp-content/uploads/alfa-romeo-giulietta-service-stop-start-system-warning-light.jpg.webp,
Cruise Control Indicator Light,https://carwarninglights.net/wp-content/uploads/alfa-romeo-giulietta-cruise-control-indicator-light.jpg.webp,
Headlight On Indicator Light,https://carwarninglights.net/wp-content/uploads/alfa-romeo-giulietta-headlight-on-indicator-light.jpg.webp,
Dipped Head Lights,https://carwarninglights.net/wp-content/uploads/alfa-romeo-giulietta-dipped-head-lights.jpg.webp,
High Beam Indicator Light Warning Light,https://carwarninglights.net/wp-content/uploads/nissan-qashqai-high-beam-indicator-light-warning-light.jpg.webp,
Fuel Filter Warning Light,https://carwarninglights.net/wp-content/uploads/indir-1.png.webp,
Honda Jazz Warning Lights and Meanings (Full List),,"March 6, 2024"
Kia Picanto Warning Lights and Meanings (Full List),,"March 18, 2024"
Mazda CX-30 Warning Lights – Mazda CX-30 Dashboard Symbols,,"August 26, 2023"
Jaguar Warning Lights Images Icons and Meanings (Full List),,
Bmw Warning Lights | 50+ Bmw Dashboard Symbols and Meanings,,
50+ Audi Dashboard Symbols and Meanings | Audi Warning Lights,,
Engine Temperature Warning Light,https://carwarninglights.net/wp-content/uploads/nissan-qashqai-engine-coolant-temperature-warning-light.png.webp,
Oil Pressure Warning Light,https://carwarninglights.net/wp-content/uploads/ford-fiesta-engine-oil-pressure-light.png.webp,
Battery Charge Warning Light,https://carwarninglights.net/wp-content/uploads/bmw-5-series-battery-charge-warning-light.png.webp,
Hand Brake Warning Light,https://carwarninglights.net/wp-content/uploads/ford-fiesta-brake-warning-light.png.webp,
Hand Brake Warning Light (Other),https://carwarninglights.net/wp-content/uploads/bmw-5-series-brake-warning-light.jpg.webp,
Electric Parking Brake Warning Light,https://carwarninglights.net/wp-content/uploads/alfa-romeo-giulietta-electric-parking-brake-warning-light.png.webp,
Airbag Malfunction Warning Light,https://carwarninglights.net/wp-content/uploads/alfa-romeo-giulietta-air-bag-warning-light.png.webp,
Seat Belt Not On Warning Light,https://carwarninglights.net/wp-content/uploads/alfa-romeo-giulietta-seat-belt-reminder-warning-light.png.webp,
Transmission Temperature  Warning Light,https://carwarninglights.net/wp-content/uploads/ford-fiesta-transmission-temperature-warning-light.png.webp,
Car Security Warning Light,https://carwarninglights.net/wp-content/uploads/dodge-charger-vehicle-security-warning-light.png.webp,
Electronic Throttle Control Warning Light,https://carwarninglights.net/wp-content/uploads/dodge-charger-electronic-throttle-control-warning-light.png.webp,
Car Ahead Indicator Warning Light,https://carwarninglights.net/wp-content/uploads/chevrolet-silverado-vehicle-ahead-indicator.png.webp,
Lane Keep Assist Warning Light,https://carwarninglights.net/wp-content/uploads/chevrolet-silverado-lane-keep-assist-warning-light.png.webp,
Diesel Particulate Filter (DPF) Warning Light,https://carwarninglights.net/wp-content/uploads/alfa-romeo-giulietta-particulate-filter-warning-light.jpg.webp,
Glow Plug Warning Light,https://carwarninglights.net/wp-content/uploads/pqxoy8v71r4cqe4h85x-o-300x300.png.webp,
ABS Warning Light,https://carwarninglights.net/wp-content/uploads/alfa-romeo-giulietta-abs-warning-light.jpg.webp,
Service 4wd Warning Light,https://carwarninglights.net/wp-content/uploads/nissan-qashqai-service-4wd-warning-light.png.webp,
Electronic Stability Control Active Warning Light,https://carwarninglights.net/wp-content/uploads/nissan-qashqai-electronic-stability-control-active-warning-light.jpg.webp,
Door Open Warning Light,https://carwarninglights.net/wp-content/uploads/alfa-romeo-giulietta-door-open-warning-light.png.webp,
Swing Gate Reminder Warning Light,https://carwarninglights.net/wp-content/uploads/alfa-romeo-giulietta-swing-gate-reminder-warning-light.png.webp,
Hood Open Warning Light,https://carwarninglights.net/wp-content/uploads/alfa-romeo-giulietta-hood-open-warning-light.jpg.webp,
Service Electric Parking Warning Light,https://carwarninglights.net/wp-content/uploads/alfa-romeo-giulietta-service-electric-parking.jpg.webp,
All Wheel Drive Warning Light,https://carwarninglights.net/wp-content/uploads/nissan-qashqai-awd.png.webp,
Steering Wheel Warning Light,https://carwarninglights.net/wp-content/uploads/nissan-qashqai-steering-system-warning-light.jpg.webp,
Water in Fuel Filter Warning Light,https://carwarninglights.net/wp-content/uploads/nissan-qashqai-water-in-fuel-filter-warning-light.png.webp,
Loose Fuel Filler Cap Warning Light,https://carwarninglights.net/wp-content/uploads/dodge-ram-truck-loose-fuel-filler-cap-warning-light.png.webp,
Service Adaptive Cruise Control Warning Light,https://carwarninglights.net/wp-content/uploads/dodge-charger-service-adaptive-cruise-control-warning-light.png.webp,
Electronic Stability Control Off Warning Light,https://carwarninglights.net/wp-content/uploads/bmw-5-series-electronic-stability-control-off-warning-light.jpg.webp,
Tire Pressure Monitoring System Tpms Warning Light,https://carwarninglights.net/wp-content/uploads/bmw-5-series-tire-pressure-monitoring-systemtpms-warning-light-.jpg.webp,
Lane Departure  Warning Light,https://carwarninglights.net/wp-content/uploads/bmw-5-series-lane-departure-warning-light.png.webp,
Lane Depature Warning Light,https://carwarninglights.net/wp-content/uploads/alfa-romeo-giulia-lane-depature-warning.jpg.webp,
Suspension Control Warning Light,https://carwarninglights.net/wp-content/uploads/alfa-romeo-giulia-suspension-control.jpg.webp,
Automatic Gearbox Warning Light,https://carwarninglights.net/wp-content/uploads/alfa-romeo-giulia-gearbox-clutch.jpg.webp,
Collision Mitigating Braking System Warning Light,https://carwarninglights.net/wp-content/uploads/alfa-romeo-stelvio-quadrifoglio-collision-mitigating-braking-system-warning-light.png.webp,
Hill Descent Control Warning Light,https://carwarninglights.net/wp-content/uploads/audi-e-tron-hill-descent-warning-light.png.webp,
Service Stop Start System Warning Light,https://carwarninglights.net/wp-content/uploads/alfa-romeo-giulietta-service-stop-start-system-warning-light.jpg.webp,
High Beam Indicator Light Warning Light,https://carwarninglights.net/wp-content/uploads/nissan-qashqai-high-beam-indicator-light-warning-light.jpg.webp,
Fuel Filter Warning Light,https://carwarninglights.net/wp-content/uploads/indir-1.png.webp,
Fiat Panda Warning Lights and Meanings (Full List),,"March 6, 2024"
50+ Kia Warning Lights Symbols and Meanings (Full List),,"June 25, 2023"
Vauxhall Antara Warning Lights and Meanings (Full List),,"March 9, 2024"
50+ Nissan Micra Warning Lights and Meanings (Full List),,"November 23, 2022"
Mazda 6 Dashboard Symbols – Mazda 6 Warning Lights,,"September 11, 2023"
Jaguar Warning Lights Images Icons and Meanings (Full List),,
Bmw Warning Lights | 50+ Bmw Dashboard Symbols and Meanings,,
50+ Audi Dashboard Symbols and Meanings | Audi Warning Lights,,
Engine Temperature Warning Light,https://carwarninglights.net/wp-content/uploads/nissan-qashqai-engine-coolant-temperature-warning-light.png.webp,
Oil Pressure Warning Light,https://carwarninglights.net/wp-content/uploads/ford-fiesta-engine-oil-pressure-light.png.webp,
Battery Charge Warning Light,https://carwarninglights.net/wp-content/uploads/bmw-5-series-battery-charge-warning-light.png.webp,
Hand Brake Warning Light,https://carwarninglights.net/wp-content/uploads/ford-fiesta-brake-warning-light.png.webp,
Hand Brake Warning Light (Other),https://carwarninglights.net/wp-content/uploads/bmw-5-series-brake-warning-light.jpg.webp,
Electric Parking Brake Warning Light,https://carwarninglights.net/wp-content/uploads/alfa-romeo-giulietta-electric-parking-brake-warning-light.png.webp,
Airbag Malfunction Warning Light,https://carwarninglights.net/wp-content/uploads/alfa-romeo-giulietta-air-bag-warning-light.png.webp,
Seat Belt Not On Warning Light,https://carwarninglights.net/wp-content/uploads/alfa-romeo-giulietta-seat-belt-reminder-warning-light.png.webp,
Transmission Temperature  Warning Light,https://carwarninglights.net/wp-content/uploads/ford-fiesta-transmission-temperature-warning-light.png.webp,
Car Security Warning Light,https://carwarninglights.net/wp-content/uploads/dodge-charger-vehicle-security-warning-light.png.webp,
Electronic Throttle Control Warning Light,https://carwarninglights.net/wp-content/uploads/dodge-charger-electronic-throttle-control-warning-light.png.webp,
Car Ahead Indicator Warning Light,https://carwarninglights.net/wp-content/uploads/chevrolet-silverado-vehicle-ahead-indicator.png.webp,
Lane Keep Assist Warning Light,https://carwarninglights.net/wp-content/uploads/chevrolet-silverado-lane-keep-assist-warning-light.png.webp,
Diesel Particulate Filter (DPF) Warning Light,https://carwarninglights.net/wp-content/uploads/alfa-romeo-giulietta-particulate-filter-warning-light.jpg.webp,
Glow Plug Warning Light,https://carwarninglights.net/wp-content/uploads/pqxoy8v71r4cqe4h85x-o-300x300.png.webp,
ABS Warning Light,https://carwarninglights.net/wp-content/uploads/alfa-romeo-giulietta-abs-warning-light.jpg.webp,
Service 4wd Warning Light,https://carwarninglights.net/wp-content/uploads/nissan-qashqai-service-4wd-warning-light.png.webp,
Electronic Stability Control Active Warning Light,https://carwarninglights.net/wp-content/uploads/nissan-qashqai-electronic-stability-control-active-warning-light.jpg.webp,
Door Open Warning Light,https://carwarninglights.net/wp-content/uploads/alfa-romeo-giulietta-door-open-warning-light.png.webp,
Swing Gate Reminder Warning Light,https://carwarninglights.net/wp-content/uploads/alfa-romeo-giulietta-swing-gate-reminder-warning-light.png.webp,
Hood Open Warning Light,https://carwarninglights.net/wp-content/uploads/alfa-romeo-giulietta-hood-open-warning-light.jpg.webp,
Service Electric Parking Warning Light,https://carwarninglights.net/wp-content/uploads/alfa-romeo-giulietta-service-electric-parking.jpg.webp,
All Wheel Drive Warning Light,https://carwarninglights.net/wp-content/uploads/nissan-qashqai-awd.png.webp,
Steering Wheel Warning Light,https://carwarninglights.net/wp-content/uploads/nissan-qashqai-steering-system-warning-light.jpg.webp,
Water in Fuel Filter Warning Light,https://carwarninglights.net/wp-content/uploads/nissan-qashqai-water-in-fuel-filter-warning-light.png.webp,
Loose Fuel Filler Cap Warning Light,https://carwarninglights.net/wp-content/uploads/dodge-ram-truck-loose-fuel-filler-cap-warning-light.png.webp,
Service Adaptive Cruise Control Warning Light,https://carwarninglights.net/wp-content/uploads/dodge-charger-service-adaptive-cruise-control-warning-light.png.webp,
Electronic Stability Control Off Warning Light,https://carwarninglights.net/wp-content/uploads/bmw-5-series-electronic-stability-control-off-warning-light.jpg.webp,
Tire Pressure Monitoring System Tpms Warning Light,https://carwarninglights.net/wp-content/uploads/bmw-5-series-tire-pressure-monitoring-systemtpms-warning-light-.jpg.webp,
Lane Departure  Warning Light,https://carwarninglights.net/wp-content/uploads/bmw-5-series-lane-departure-warning-light.png.webp,
Lane Depature Warning Light,https://carwarninglights.net/wp-content/uploads/alfa-romeo-giulia-lane-depature-warning.jpg.webp,
Suspension Control Warning Light,https://carwarninglights.net/wp-content/uploads/alfa-romeo-giulia-suspension-control.jpg.webp,
Automatic Gearbox Warning Light,https://carwarninglights.net/wp-content/uploads/alfa-romeo-giulia-gearbox-clutch.jpg.webp,
Collision Mitigating Braking System Warning Light,https://carwarninglights.net/wp-content/uploads/alfa-romeo-stelvio-quadrifoglio-collision-mitigating-braking-system-warning-light.png.webp,
Hill Descent Control Warning Light,https://carwarninglights.net/wp-content/uploads/audi-e-tron-hill-descent-warning-light.png.webp,
Service Stop Start System Warning Light,https://carwarninglights.net/wp-content/uploads/alfa-romeo-giulietta-service-stop-start-system-warning-light.jpg.webp,
High Beam Indicator Light Warning Light,https://carwarninglights.net/wp-content/uploads/nissan-qashqai-high-beam-indicator-light-warning-light.jpg.webp,
Fuel Filter Warning Light,https://carwarninglights.net/wp-content/uploads/indir-1.png.webp,
Toyota Corolla Warning Lights – Corolla Dashboard Symbols,,"July 25, 2023"
Mazda 3 Warning Lights  | Mazda 3 Dashboard Symbols Meaning,,"April 21, 2022"
Audi A6 Dashboard Warning Lights and Meanings (Full List),,"July 22, 2023"
Peugeot Partner Warning Lights – Peugeot Partner Dashboard Symbols,,"June 25, 2023"
50+ Vauxhall Mokka Warning Lights and Meanings (Full List),,"October 13, 2023"
Jaguar Warning Lights Images Icons and Meanings (Full List),,
Bmw Warning Lights | 50+ Bmw Dashboard Symbols and Meanings,,
50+ Audi Dashboard Symbols and Meanings | Audi Warning Lights,,
